Business Legal Name,Date Layoff/Closure Starts,Date of WARN Notice ,Date Posted  ,Impacted Site Address,Impacted Site County,Layoff or Closure?,Permanent or Temporary Layoff?,Reason for Layoff/Closure   ,Index,Number of Affected Workers ,Number of Affected Workers 
420 Park FB LLC,2026-07-06,2026-04-06,2026-05-26,"420 Park Ave S  New York, NY, 10016",New York,Closure,Permanent,Building Renovations Contract Loss,1,42,42
Air Company Holdings Inc.,2026-08-02,2026-05-04,2026-05-29,"10 Grand Street  Brooklyn, NY, 11211",Kings,Closure,Permanent,Other,21,16,16
Air Company Holdings Inc.,2026-08-02,2026-05-04,2026-05-29,"94 Scott Ave  Brooklyn, NY, 11237",Kings,Closure,Permanent,Other,22,23,23
Air Company Holdings Inc.,2026-08-02,2026-05-04,2026-05-29,"456 Johnson Avenue 420 Brooklyn, NY, 11237",Kings,Closure,Permanent,Other,23,26,26
Allied Aviation Service Company of New York Inc.,2026-08-02,2026-05-29,2026-07-08,"1 Marine Air Terminal Allied Aviation LaGuardia Airport, 2nd Floor Flushing, NY, 11371",Queens,Closure,Permanent,Other,11,42,42
Alray Car Parts Supply & Mfg. Corp.d/b/a Tinker Auto Parts,2026-08-30,2026-07-01,2026-08-24,"200 Suffolk Avenue  Brentwood, NY, 11717",Suffolk,Closure,Permanent,Economic,1,20,20
Alray Car Parts Supply & Mfg. Corp.d/b/a Tinker Auto Parts,2026-08-30,2026-07-01,2026-08-24,"1650 Locust Ave  Bohemia, NY, 11716",Suffolk,Closure,Permanent,Economic,2,31,31
Amazon,2026-04-28,2026-01-28,2026-02-17,"1440 Broadway  New York City, NY, 10018",New York,Layoff,Permanent,Economic,23,135,135
Amazon (Long Island),2026-04-28,2026-01-27,2026-02-24,"3620 Long Beach Rd  Oceanside, NY, 11572",Nassau,Closure,Permanent,Economic,21,71,71
Amazon (Long Island),2026-04-28,2026-01-27,2026-02-24,"4054 Nesconset Highway  East Setauket, NY, 11733",Suffolk,Closure,Permanent,Economic,22,44,44
Amazon (Western),2026-05-30,2026-02-27,2026-03-17,"4201 Walden Ave  Lancaster, NY, 14086",Erie,Closure,Permanent,Economic,19,542,542
Apple Bank,2026-08-31,2026-04-30,2026-07-24,"1075 Central Park Ave  Scarsdale, NY, 10583",Westchester,Layoff,Permanent,Other,3,26,26
"AVI Foodsystems, Inc.",2026-05-31,2026-05-08,2026-05-26,"1 Saxon Drive  Alfred, NY, 14802",Allegany,Closure,Permanent,Contract Loss,4,45,45
Bank of America,2026-06-24,2026-03-19,2026-04-06,"611 Jamison Road, STE 1275  Elma, NY, 14059",Erie,Closure,Permanent,Expiration of Lease,2,170,170
"BMC Benchmark Management Company, LLC. (Edith Macy Center Hotel)",2026-04-30,2026-01-29,2026-03-25,"550 Chappaqua Road  Briarcliff Manor, NY, 10510",Westchester,Closure,Permanent,Sale of Business,8,49,49
"Brinker International Payroll Company, L.P.",2026-09-28,2026-06-30,2026-07-28,"600 Garden City Plaza  Garden City, NY, 11530",Nassau,Closure,Permanent,Economic Expiration of Lease,1,57,57
Bronx Parent Housing Network,2026-08-31,2026-05-27,2026-06-05,"488 E 164th Street  Bronx, NY, 10456",Bronx,Layoff,Permanent,Funding Loss,2,44,44
Bush Industries Inc. d/b/a eSolutions Group,2026-04-30,2026-04-30,2026-06-11,"One Mason Drive  Jamestown, NY, 14701",Chautauqua,Closure,Permanent,Bankruptcy,2,237,237
Catholic Guardian Services (Rescission),2026-04-12,2026-01-12,2026-05-29,"110 West 183rd Street  Bronx, NY, 10453",Bronx,Closure,Permanent,Contract Termination,54,0,0
Catholic Guardian Services (Rescission),2026-04-12,2026-01-12,2026-05-29,"1161 Taylor Ave  Bronx, NY, 10472",Bronx,Closure,Permanent,Contract Termination,55,0,0
Catholic Guardian Services (Rescission),2026-04-12,2026-01-12,2026-05-29,"1990 Westchester Ave  Bronx, NY, 10472",Bronx,Closure,Permanent,Contract Termination,56,0,0
Catholic Guardian Services (Rescission),2026-04-12,2026-01-12,2026-05-29,"2346 Crotona Ave  Bronx, NY, 10458",Bronx,Closure,Permanent,Contract Termination,57,0,0
Cayuga Home for Children,2026-06-30,2026-04-01,2026-04-21,"5 Computer Drive West Suite 200 & 203 Albany, NY, 12205",Albany,Closure,Permanent,Contract Loss Contract Termination Economic Funding Loss,1,1,1
Cayuga Home for Children,2026-06-30,2026-04-01,2026-04-21,"101 Hamilton  Auburn, NY, 13021",Cayuga,Closure,Permanent,Contract Loss Contract Termination Economic Funding Loss,2,14,14
Cayuga Home for Children,2026-06-30,2026-04-01,2026-04-21,"430 Court St 2nd Floor Utica, NY, 13502",Oneida,Closure,Permanent,Contract Loss Contract Termination Economic Funding Loss,4,1,1
Cayuga Home for Children,2026-06-30,2026-04-01,2026-04-21,"1916 Park Ave  New York, NY, 10037",New York,Closure,Permanent,Contract Loss Contract Termination Economic Funding Loss,3,319,319
Cazar Logistics,2026-05-03,2026-01-31,2026-06-23,"408 E 60th Street  New York, NY, 10022",New York,Closure,Permanent,Contract Termination,52,37,37
"Citibank, N.A.",2026-04-14,2026-01-14,2026-08-06,"388 Greenwich Street  New York, NY, 10013",New York,Layoff,Permanent,Economic,10,820,820
"Citigroup Global Markets, Inc.",2026-04-14,2026-01-14,2026-08-06,"388 Greenwich Street  New York, NY, 10013",New York,Layoff,Permanent,Economic,9,58,58
"Citigroup Technology, Inc.",2026-04-18,2026-01-14,2026-08-06,"388 Greenwich Street  New York, NY, 10013",New York,Layoff,Permanent,Economic,8,3,3
"College Association at Delhi, Inc.- SUNY Delhi",2026-06-30,2026-04-01,2026-04-27,"454 Delhi Drive  Delhi, NY, 13753",Delaware,Layoff,Permanent,Other,29,53,53
"Coral Graphic Services, Inc.",2026-07-30,2026-04-30,2026-07-14,"840 S Broadway  Hicksville, NY, 11801",Nassau,Closure,Permanent,Relocation of Business,4,85,85
DF NY One Inc. d/b/a Dreamfields,2026-03-13,2026-03-02,2026-03-25,"1050 Lower South Street  Peekskill, NY, 10566",Westchester,Layoff,Permanent,Contract Loss Funding Loss,1,13,13
"Diageo North America, Inc",2026-09-30,2026-06-30,2026-08-21,"3 World Trade Center 175 Greenwich St New York, NY, 10007",New York,Layoff,Permanent,Economic,3,305,305
Dice Lion Technology LLC,2026-06-15,2026-03-17,2026-04-29,"132 West 31st Street 9th Floor New York, NY, 10001",New York,Layoff,Permanent,Other,28,37,37
"Durham School Services, LP./Monroe School Transportation, Inc.",2026-07-12,2026-04-21,2026-04-27,"970 Emmerson Street  Rochester, NY, 14606",Monroe,Closure,Permanent,Contract Loss,8,180,180
"Durham School Services, LP./Monroe School Transportation, Inc.",2026-07-12,2026-04-13,2026-04-27,"2721 2nd Ave  Watervliet, NY, 12189",Albany,Closure,Permanent,Contract Loss,9,78,78
"Elevate NY, LLC.",2026-05-06,2026-01-27,2026-03-18,"400 Rella Blvd. Suite 212 Montebello, NY, 10901",Rockland,Layoff,Permanent,Other,36,99,99
Enthuse LLC,2026-03-10,2026-03-03,2026-04-08,"31 Hudson Yards Fl. 11 New York, NY, 10001",New York,Closure,Permanent,Contract Termination,59,13,13
"Etain, LLC.",2026-08-03,2026-05-05,2026-05-07,"6030-6032 US-9  Chestertown, NY, 12817",Warren,Closure,Permanent,Economic,16,37,37
Federal Express Corporation (Capital Region),2026-01-31,2026-01-13,2026-04-17,"590 Broadway  Menands, NY, 12189",Albany,Layoff,Permanent,Other,32,43,43
Federal Express Corporation (Multiple Regions),2026-08-03,2026-03-23,2026-07-17,"115 Dry Road  Oriskany, NY, 13424",Oneida,Closure,Permanent,Other,10,31,31
Federal Express Corporation (Multiple Regions),2026-08-03,2026-03-27,2026-07-17,"299 Cayuga Road  Cheektowaga, NY, 14225",Erie,Closure,Permanent,Other,5,36,36
Federal Express Corporation (Multiple Regions),2026-08-03,2026-03-23,2026-07-17,"358 Sing Sing Road  Horseheads, NY, 14845",Chemung,Closure,Permanent,Other,9,32,32
Federal Express Corporation (Multiple Regions),2026-08-03,2026-03-24,2026-07-17,"747 Warren Road  Ithaca, NY, 14850",Tompkins,Closure,Permanent,Other,7,12,12
Federal Express Corporation (Multiple Regions),2026-08-03,2026-03-23,2026-07-17,"2123 Link Drive  Binghamton, NY, 13904",Broome,Closure,Permanent,Other,8,31,31
Federal Express Corporation (Multiple Regions),2026-08-03,2026-03-24,2026-07-17,"6313 Running Ridge  Syracuse, NY, 13212",Onondaga,Closure,Permanent,Other,6,22,22
"Ferraro Foods of New York North, LLC.",2026-07-07,2026-07-07,2026-08-18,"1301 Broad Street  Utica, NY, 13501",Oneida,Closure,Permanent,Economic,7,62,62
"Finger Lakes On Wheels, LLC.",2026-06-23,2026-03-25,2026-04-23,"6823 Industrial Park Road  Bath, NY, 14810",Steuben,Closure,Permanent,Contract Expiration,3,85,85
"Flagship Logistics, LLC.",2026-06-30,2026-05-28,2026-07-28,"6823 Industrial Park Road North  Bath, NY, 14810",Steuben,Closure,Permanent,Economic Expiration of Lease Other,1,43,43
"Fresenius USA Manufacturing, Inc.",2026-04-28,2026-01-28,2026-02-18,"68 Tetz Rd Ste 100 Chester, NY, 10918",Orange,Layoff,Permanent,Sale of Business,9,56,56
G&L Restaurant LLC,2026-07-14,2026-04-14,2026-05-11,"21 W 8th Street  New York, NY, 10011",New York,Closure,Permanent,Expiration of Lease Funding Loss,1,37,37
"Glossier, Inc.",2026-02-13,2026-02-13,2026-03-30,"233 Spring Street Floor 10E New York, NY, 10013",New York,Layoff,Permanent,Other,34,41,41
GoGo Bus Tours Inc .d/b/a 2gobus,2026-03-31,2026-01-15,2026-03-18,"172 Montrose Ave.  Brooklyn, NY, 11206",Kings,Layoff,Permanent,Contract Expiration,14,75,75
"H&M Fashion USA, Inc.",2026-09-04,2026-06-05,2026-07-22,"110 5th Avenue, 11th floor  New York, NY, 10011",New York,Layoff,Permanent,Other,4,76,76
"HNI Workplace Furnishings, LLC.",2026-08-16,2026-03-05,2026-06-16,"One Gunlocke Drive  Wayland, NY, 14572",Steuben,Closure,Permanent,Other,20,123,123
Hyatt Corporation,2026-09-29,2026-07-01,2026-08-04,"130 W 44th St Chatwal NY Hotel New York, NY, 10036",New York,Layoff,Permanent,Other,1,52,52
Independence Care System,2026-07-30,2026-05-01,2026-06-25,"400 East Fordham Road 12th Floor Bronx, NY, 10458",Bronx,Closure,Permanent,Contract Loss Economic Other,1,89,89
"International Imaging Materials, Inc. (Armor-IIMAK)",2026-07-31,2026-04-27,2026-05-05,"310 Commerce Drive  Amherst, NY, 14228",Erie,Closure,Permanent,Economic,17,199,199
"IPIC Theaters, LLC.",2026-05-28,2026-02-23,2026-07-16,"11 Fulton Street  New York, NY, 10038",New York,Closure,Permanent,Bankruptcy,1,58,58
Jennie B. Richmond Nursing Home,2026-08-31,2026-06-02,2026-06-18,"222 East Main St  Springville, NY, 14141",Erie,Closure,Permanent,Economic,13,37,37
"Knight Facilities Management, Inc.",2026-04-30,2026-04-22,2026-06-29,"Pure Fitness - 54th 240 E 54th Street New York, NY, 10022",New York,Closure,Permanent,Contract Termination,34,2,2
"Knight Facilities Management, Inc.",2026-04-30,2026-04-22,2026-06-29,"Pure Fitness - 116th 27 W 116th Street New York, NY, 10026",New York,Closure,Permanent,Contract Termination,35,2,2
"Knight Facilities Management, Inc.",2026-04-30,2026-04-22,2026-06-29,"Pure Fitness - 125th 301 W 125th St New York, NY, 10027",New York,Closure,Permanent,Contract Termination,36,1,1
"Knight Facilities Management, Inc.",2026-04-30,2026-04-22,2026-06-29,"Pure Fitness - Astoria 32-27 Steinway St Astoria, NY, 11103",Queens,Closure,Permanent,Contract Termination,43,0,0
"Knight Facilities Management, Inc.",2026-04-30,2026-04-22,2026-06-29,"Pure Fitness - Baldwin 1789 Grand Ave Baldwin, NY, 11510",Nassau,Closure,Permanent,Contract Termination,31,2,2
"Knight Facilities Management, Inc.",2026-04-30,2026-04-22,2026-06-29,"Pure Fitness - Bed-Stuy 1413 Fulton St Brooklyn, NY, 11216",Kings,Closure,Permanent,Contract Termination,15,1,1
"Knight Facilities Management, Inc.",2026-04-30,2026-04-22,2026-06-29,"Pure Fitness - Bedford Park 3000 Jerome Ave Bronx, NY, 10468",Bronx,Closure,Permanent,Contract Termination,5,1,1
"Knight Facilities Management, Inc.",2026-04-30,2026-04-22,2026-06-29,"Pure Fitness - Boerum Hill 252 Atlantic Ave Brooklyn, NY, 11201",Kings,Closure,Permanent,Contract Termination,16,1,1
"Knight Facilities Management, Inc.",2026-04-30,2026-04-22,2026-06-29,"Pure Fitness - Brownsville 81-83 East 98th Street Brooklyn, NY, 11212",Kings,Closure,Permanent,Contract Termination,17,2,2
"Knight Facilities Management, Inc.",2026-04-30,2026-04-22,2026-06-29,"Pure Fitness - Bryant Park 5 Bryant Park New York, NY, 10018",New York,Closure,Permanent,Contract Termination,37,1,1
"Knight Facilities Management, Inc.",2026-04-30,2026-04-22,2026-06-29,"Pure Fitness - Bushwick 399 Knickerbocker Ave Brooklyn, NY, 11237",Kings,Closure,Permanent,Contract Termination,18,2,2
"Knight Facilities Management, Inc.",2026-04-30,2026-04-22,2026-06-29,"Pure Fitness - Canarsie 9029 Flatlands Ave Brooklyn, NY, 11236",Kings,Closure,Permanent,Contract Termination,19,1,1
"Knight Facilities Management, Inc.",2026-04-30,2026-04-23,2026-06-29,"Pure Fitness - Chelsea 308 Eighth Avenue New York, NY, 10001",New York,Closure,Permanent,Contract Termination,4,0,0
"Knight Facilities Management, Inc.",2026-04-30,2026-04-22,2026-06-29,"Pure Fitness - Clinton Hill 1134 Fulton St Brooklyn, NY, 11216",Kings,Closure,Permanent,Contract Termination,20,1,1
"Knight Facilities Management, Inc.",2026-04-30,2026-04-22,2026-06-29,"Pure Fitness - Concourse Village 820 Concourse Village West Bronx, NY, 10451",Bronx,Closure,Permanent,Contract Termination,6,2,2
"Knight Facilities Management, Inc.",2026-04-30,2026-04-22,2026-06-29,"Pure Fitness - Coney Island 2857 W 8th  Street Brooklyn, NY, 11224",Kings,Closure,Permanent,Contract Termination,21,1,1
"Knight Facilities Management, Inc.",2026-04-30,2026-04-22,2026-06-29,"Pure Fitness - Corona 108-14 Roosevelt Rd Queens, NY, 11368",Queens,Closure,Permanent,Contract Termination,44,2,2
"Knight Facilities Management, Inc.",2026-04-30,2026-04-22,2026-06-29,"Pure Fitness - Crown Heights 250 Utica Ave Brooklyn, NY, 11213",Kings,Closure,Permanent,Contract Termination,22,1,1
"Knight Facilities Management, Inc.",2026-04-30,2026-04-22,2026-06-29,"Pure Fitness - East Tremont 645 E Tremont Ave Bronx, NY, 10457",Bronx,Closure,Permanent,Contract Termination,7,2,2
"Knight Facilities Management, Inc.",2026-04-30,2026-04-22,2026-06-29,"Pure Fitness - East Village 98 Avenue A New York, NY, 10009",New York,Closure,Permanent,Contract Termination,38,1,1
"Knight Facilities Management, Inc.",2026-04-30,2026-04-22,2026-06-29,"Pure Fitness - FiDi 111 Nassau Street New York, NY, 10038",New York,Closure,Permanent,Contract Termination,39,2,2
"Knight Facilities Management, Inc.",2026-04-30,2026-04-22,2026-06-29,"Pure Fitness - Flatbush 833 Flatbush Ave Brooklyn, NY, 11226",Kings,Closure,Permanent,Contract Termination,23,2,2
"Knight Facilities Management, Inc.",2026-04-30,2026-04-22,2026-06-29,"Pure Fitness - Fordham 2374 Grand Concourse Bronx, NY, 10458",Bronx,Closure,Permanent,Contract Termination,8,2,2
"Knight Facilities Management, Inc.",2026-04-30,2026-04-22,2026-06-29,"Pure Fitness - Gates 1002 Gates Ave Brooklyn, NY, 11221",Kings,Closure,Permanent,Contract Termination,24,2,2
"Knight Facilities Management, Inc.",2026-04-30,2026-04-22,2026-06-29,"Pure Fitness - Gun Hill 3580 White Plains Rd Bronx, NY, 10467",Bronx,Closure,Permanent,Contract Termination,9,2,2
"Knight Facilities Management, Inc.",2026-04-30,2026-04-22,2026-06-29,"Pure Fitness - Hicksville 358 N Broadway Mall Hicksville, NY, 11801",Nassau,Closure,Permanent,Contract Termination,32,1,1
"Knight Facilities Management, Inc.",2026-04-30,2026-04-23,2026-06-29,"Pure Fitness - Hunts Point 932 Southern Point Bronx, NY, 10459",Bronx,Closure,Permanent,Contract Termination,3,2,2
"Knight Facilities Management, Inc.",2026-04-30,2026-04-22,2026-06-29,"Pure Fitness - In the Hub 570 Melrose Ave Bronx, NY, 10455",Bronx,Closure,Permanent,Contract Termination,10,2,2
"Knight Facilities Management, Inc.",2026-04-30,2026-04-22,2026-06-29,"Pure Fitness - Jackson Heights 78-14 Roosevelt Ave Jackson Heights, NY, 11372",Queens,Closure,Permanent,Contract Termination,45,1,1
"Knight Facilities Management, Inc.",2026-04-30,2026-04-22,2026-06-29,"Pure Fitness - Junction 2166 Nostrand Ave Brooklyn, NY, 11210",Kings,Closure,Permanent,Contract Termination,25,2,2
"Knight Facilities Management, Inc.",2026-04-30,2026-04-22,2026-06-29,"Pure Fitness - Mt Eden 1490 Macombs Rd Bronx, NY, 10452",Bronx,Closure,Permanent,Contract Termination,11,2,2
"Knight Facilities Management, Inc.",2026-04-30,2026-04-22,2026-06-29,"Pure Fitness - Murray Hill 600 Third Ave New York, NY, 10016",New York,Closure,Permanent,Contract Termination,40,2,2
"Knight Facilities Management, Inc.",2026-04-30,2026-04-22,2026-06-29,"Pure Fitness - NoHo 16 E 4th St New York, NY, 10012",New York,Closure,Permanent,Contract Termination,41,1,1
"Knight Facilities Management, Inc.",2026-04-30,2026-04-22,2026-06-29,"Pure Fitness - Ozone Park 102-16 Liberty Ave Queens, NY, 11416",Queens,Closure,Permanent,Contract Termination,46,3,3
"Knight Facilities Management, Inc.",2026-04-30,2026-04-22,2026-06-29,"Pure Fitness - Park Slope 227 Fourth Ave Brooklyn, NY, 11215",Kings,Closure,Permanent,Contract Termination,26,0,0
"Knight Facilities Management, Inc.",2026-04-30,2026-04-22,2026-06-29,"Pure Fitness - Parkchester 1380 Metropolitan Ave Bronx, NY, 10462",Bronx,Closure,Permanent,Contract Termination,12,2,2
"Knight Facilities Management, Inc.",2026-04-30,2026-04-22,2026-06-29,"Pure Fitness - Queens Village 220-05 Hillside Ave Queens, NY, 11427",Queens,Closure,Permanent,Contract Termination,47,2,2
"Knight Facilities Management, Inc.",2026-04-30,2026-04-22,2026-06-29,"Pure Fitness - Ridgewood 55-27 Myrtle Ave Ridgewood, NY, 11385",Queens,Closure,Permanent,Contract Termination,48,2,2
"Knight Facilities Management, Inc.",2026-04-30,2026-04-22,2026-06-29,"Pure Fitness - Riverdale 5520 Broadway Bronx, NY, 10463",Bronx,Closure,Permanent,Contract Termination,13,1,1
"Knight Facilities Management, Inc.",2026-04-30,2026-04-22,2026-06-29,"Pure Fitness - Sheepshead Bay 3779 Nostrand Ave Brooklyn, NY, 11235",Kings,Closure,Permanent,Contract Termination,27,1,1
"Knight Facilities Management, Inc.",2026-04-30,2026-04-22,2026-06-29,"Pure Fitness - Springfield Garden 130-20 Farmers Ave Queens, NY, 11434",Queens,Closure,Permanent,Contract Termination,49,1,1
"Knight Facilities Management, Inc.",2026-04-30,2026-04-22,2026-06-29,"Pure Fitness - Stuy Heights 892 Broadway Brooklyn, NY, 11206",Kings,Closure,Permanent,Contract Termination,28,1,1
"Knight Facilities Management, Inc.",2026-04-30,2026-04-22,2026-06-29,"Pure Fitness - Sunset Park 5109 Fourth Ave Brooklyn, NY, 11220",Kings,Closure,Permanent,Contract Termination,29,1,1
"Knight Facilities Management, Inc.",2026-04-30,2026-04-22,2026-06-29,"Pure Fitness - Valley Stream 14 Brooklyn Ave Valley Stream, NY, 11581",Nassau,Closure,Permanent,Contract Termination,33,1,1
"Knight Facilities Management, Inc.",2026-04-30,2026-04-22,2026-06-29,"Pure Fitness - Washington Heights 4200 Broadway, Suite 1.3 New York, NY, 10033",New York,Closure,Permanent,Contract Termination,42,2,2
"Knight Facilities Management, Inc.",2026-04-30,2026-04-22,2026-06-29,"Pure Fitness - West Fordham 2465 Jerome Ave Bronx, NY, 10468",Bronx,Closure,Permanent,Contract Termination,14,3,3
"Knight Facilities Management, Inc.",2026-04-30,2026-04-22,2026-06-29,"Pure Fitness - Williamsburg 287 Broadway Brooklyn, NY, 11211",Kings,Closure,Permanent,Contract Termination,30,2,2
"Knight Facilities Management, Inc.",2026-04-30,2026-04-22,2026-06-29,"Pure Fitness - Woodside 56-02 Roosevelt Ave Queens, NY, 11377",Queens,Closure,Permanent,Contract Termination,50,2,2
"Knight Facilities Management, Inc.",2026-04-30,2026-04-22,2026-06-29,"Pure Fitness - Yonkers 8000 Mall Walk Yonkers, NY, 10704",Westchester,Closure,Permanent,Contract Termination,51,2,2
Krispy Kreme Doughnut Corporation,2026-04-30,2026-01-27,2026-04-14,"535 Havemeyer Avenue  Bronx, NY, 10473",Bronx,Layoff,Permanent,Other,33,52,52
Liberty Dental Plan Corporation,2026-05-06,2026-02-05,2026-03-24,"50 Charles Lindbergh Blvd Suite 504 Uniondale, NY, 11553",Nassau,Layoff,Permanent,Other,35,2,2
Lincoln Hall,2026-04-06,2026-01-06,2026-01-14,"115 US-202  Lincolndale, NY, 10540",Westchester,Closure,Permanent,Contract Loss,14,123,123
LIV Golf Incorporated and Affiliates,2026-10-06,2026-07-08,2026-08-05,"50 Hudson Yards Suite 65B, New York, NY, 10001",New York,Layoff,Permanent,Funding Loss,1,162,162
Lutheran Social Services of New York,2026-06-30,2026-04-01,2026-05-13,"314 Pennsylvania Avenue  Brooklyn, NY, 11207",Kings,Closure,Permanent,Contract Loss,5,20,20
Lutheran Social Services of New York,2026-03-31,2026-01-29,2026-07-07,"545 East 166th Street  Bronx, NY, 10456",Bronx,Layoff,Permanent,Contract Expiration,1,37,37
Lutheran Social Services of New York,2026-06-30,2026-04-01,2026-05-13,"1668 Eastern Parkway  Brooklyn, NY, 11233",Kings,Closure,Permanent,Contract Loss,6,30,30
Lutheran Social Services of New York,2026-03-31,2026-01-29,2026-07-07,"2865 Kingsbridge Terrace  Bronx, NY, 10463",Bronx,Layoff,Permanent,Contract Expiration,2,20,20
Lutheran Social Services of New York,2026-06-30,2026-04-01,2026-05-13,"2927 40th Road  Queens, NY, 11101",Queens,Closure,Permanent,Contract Loss,7,38,38
"Main Street Sports Group, LLC",2026-05-14,2026-02-13,2026-04-10,"1350 Broadway Suite 720 New York, NY, 10018",New York,Closure,Permanent,Sale of Business,7,66,66
"Maximus, Inc.",2026-06-30,2026-03-31,2026-07-24,"3750 Monroe Ave, Suite 700  Pittsford, NY, 14534",Monroe,Layoff,Permanent,Contract Loss,2,176,176
McKesson,2026-05-18,2026-02-10,2026-04-09,"2700 North America Avenue  West Seneca, NY, 14224",Erie,Closure,Permanent,Contract Loss,10,78,78
"Medical Care at Home, P.C.",2026-07-24,2026-04-27,2026-05-19,"220 E 42nd St  New York, NY, 10017",New York,Closure,Permanent,Other,24,28,28
Meta,2026-08-20,2026-05-20,2026-08-20,"380 W. 33rd Street  New York, NY, 10001",New York,Layoff,Permanent,Economic,4,417,417
Meta,2026-08-20,2026-05-20,2026-08-20,"415 10th Ave  New York, NY, 10001",New York,Layoff,Permanent,Economic,5,354,354
Meta,2026-08-20,2026-05-20,2026-08-20,"770 Broadway  New York, NY, 10003",New York,Layoff,Permanent,Economic,6,389,389
"Mizkan America, Inc.",2026-05-11,2026-02-10,2026-03-04,"247 West Ave  Lyndonville, NY, 14098",Orleans,Layoff,Permanent,Other,37,30,30
Morgan Stanley,2026-05-27,2026-03-05,2026-06-16,"55 East 52nd Street  New York, NY, 10055",New York,Layoff,Permanent,Other,13,7,7
Morgan Stanley,2026-05-27,2026-03-05,2026-06-16,"100 Park Ave  New York, NY, 10017",New York,Layoff,Permanent,Other,14,1,1
Morgan Stanley,2026-05-27,2026-03-05,2026-06-16,"399 Park Ave  New York, NY, 10022",New York,Layoff,Permanent,Other,15,2,2
Morgan Stanley,2026-05-27,2026-03-05,2026-06-16,"750 Seventh Ave  New York, NY, 10019",New York,Layoff,Permanent,Other,16,82,82
Morgan Stanley,2026-05-27,2026-03-05,2026-06-16,"1585 Broadway  New York, NY, 10036",New York,Layoff,Permanent,Other,17,120,120
Morgan Stanley,2026-05-27,2026-03-05,2026-06-16,"1633 Broadway  New York, NY, 10019",New York,Layoff,Permanent,Other,18,61,61
Morgan Stanley,2026-05-27,2026-03-05,2026-06-16,"One Penn Plaza  New York, NY, 10119",New York,Layoff,Permanent,Other,19,1,1
"NBCUniversal Media, LLC",2026-06-11,2026-03-13,2026-06-30,"30 Rockefeller Plaza  New York, NY, 10112",New York,Closure,Permanent,Other,12,123,123
Nespresso,2026-04-13,2026-01-13,2026-04-03,"111 West 33rd Street  New York, NY, 10120",New York,Layoff,Permanent,"Relocation of Business, Artificial Intelligence",1,46,46
NeuLion USA LLC,2026-06-15,2026-03-17,2026-04-29,"132 West 31st Street 9th Floor New York, NY, 10001",New York,Layoff,Permanent,Other,27,7,7
"NHS U.S., LLC.",2026-07-03,2026-03-25,2026-05-12,"4320 Veterans Memorial Hwy  Holbrook, NY, 11741",Suffolk,Layoff,Permanent,Economic,15,31,31
Novanta Corporation,2027-03-31,2026-07-21,2026-07-24,"7279 William Barry Boulevard  North Syracuse, NY, 13212",Onondaga,Closure,Permanent,Relocation of Business,2,49,49
"NY HEAT, LLC. (The Lambs Club)",2026-07-27,2026-03-11,2026-06-11,"132 W 44th St  New York, NY, 10036",New York,Layoff,N/A,Building Renovations,1,75,75
NYY Steak LLC,2026-09-30,2026-07-02,2026-07-24,"1 E 161st St  Bronx, NY, 10451",Bronx,Closure,Permanent,Contract Termination,1,21,21
"OceanFirst Bank, N.A.",2026-08-10,2026-05-11,2026-06-23,"220 RXR Plaza  Uniondale, NY, 11556",Nassau,Layoff,Permanent,Merger,1,174,174
"Oracle America, Inc.",2026-07-01,2026-04-02,2026-07-10,"100 Woods Road  Valhalla, NY, 10595",Westchester,Layoff,Permanent,Contract Termination,2,62,62
"Oswego Beverage Company, LLC.",2026-08-28,2026-05-29,2026-07-02,"1043 County Route 25  Oswego, NY, 13126",Oswego,Closure,Permanent,Sale of Business,5,59,59
"Oswego Beverage Company, LLC.",2026-08-28,2026-05-29,2026-07-02,"20783 Alexander Drive  Watertown, NY, 13601",Jefferson,Closure,Permanent,Sale of Business,4,42,42
"PharmaCann, Inc.",2026-06-20,2026-03-20,2026-04-17,"14 Hudson Crossing Drive  Hamptonburgh, NY, 12549",Orange,Closure,Permanent,Other,31,130,130
"Piedmont Airlines, Inc.",2026-09-10,2026-06-12,2026-07-22,"1000 Col. Eileen Collins Blvd.  Syracuse, NY, 13212",Onondaga,Closure,Permanent,Contract Loss,3,88,88
Pinnacle Managing Co LLC,2026-04-30,2026-02-20,2026-05-28,"140 East 45th Street 12th Floor New York, NY, 10017",New York,Closure,Permanent,Bankruptcy Economic,1,64,64
"Pomonok Home Services, Inc.",2026-10-08,2026-07-09,2026-07-27,"61-34 188th Street Suite 219 Fresh Meadows, NY, 11365",Queens,Closure,Permanent,Other,2,226,226
"PT OPCO, LLC d/b/a Pink Taco",2026-02-18,2026-02-17,2026-04-02,"7 Times Square  NEW YORK, NY, 10036",New York,Closure,Permanent,Economic,18,36,36
"Recreational Equipment, Inc.",2026-07-23,2026-04-24,2026-05-15,"303 Lafayette St  New York, NY, 10012",New York,Closure,Permanent,Economic,14,72,72
"Republic National Distributing Company New York, LLC.",2026-07-31,2026-05-01,2026-08-11,"570 Lexington Avenue Suite 2501 New York, NY, 10022",New York,Closure,Permanent,Sale of Business,1,86,86
"Republic National Distributing Company New York, LLC.",2026-07-31,2026-05-01,2026-08-11,"6600 New Venture Gear Drive Suite 450 East Syracuse, NY, 13057",Onondaga,Closure,Permanent,Sale of Business,2,46,46
"Resideo, LLC. D/B/A ADI",2026-09-15,2026-06-12,2026-07-23,"1217 West Yard Road Unit A Feura Bush, NY, 12067",Albany,Closure,Permanent,Relocation of Business,3,55,55
Rising Ground Inc.,2026-05-21,2026-02-20,2026-04-20,"32-16 36th Street  Queens, NY, 11106",Queens,Layoff,Permanent,Contract Expiration,11,43,43
Rising Ground Inc.,2026-05-21,2026-02-20,2026-04-20,"36 Herriot St.  Yonkers, NY, 10701",Westchester,Layoff,Permanent,Contract Expiration,12,27,27
Rising Ground Inc.,2026-05-21,2026-02-20,2026-04-20,"151 Lawrence Street 5th Floor Brooklyn, NY, 11201",Kings,Layoff,Permanent,Contract Expiration,6,17,17
Rising Ground Inc.,2026-05-21,2026-02-20,2026-04-20,"317 Lenox Avenue Fl 14 New York, NY, 10027",New York,Layoff,Permanent,Contract Expiration,9,15,15
Rising Ground Inc.,2026-05-21,2026-02-20,2026-04-20,"463 Hawthorne Avenue  Yonkers, NY, 10705",Westchester,Layoff,Permanent,Contract Expiration,13,29,29
Rising Ground Inc.,2026-05-21,2026-02-20,2026-04-20,"525 Dean St  Brooklyn, NY, 11217",Kings,Layoff,Permanent,Contract Expiration,7,29,29
Rising Ground Inc.,2026-05-21,2026-02-20,2026-04-20,"535 Bergen St  Brooklyn, NY, 11217",Kings,Layoff,Permanent,Contract Expiration,8,24,24
Rising Ground Inc.,2026-05-21,2026-02-20,2026-04-20,"1333 Broadway 8th Floor New York, NY, 10018",New York,Layoff,Permanent,Contract Expiration,10,5,5
Rising Ground Inc.,2026-05-21,2026-02-20,2026-04-20,"4433 Third Avenue  Bronx, NY, 10457",Bronx,Layoff,Permanent,Contract Expiration,5,68,68
"Saint-Gobain Ceramics & Plastics, Inc. (Monofrax, LLC.)",2026-09-01,2026-05-27,2026-07-01,"1870 New York Avenue  Falconer, NY, 14733",Chautauqua,Layoff,Permanent,Economic,12,79,79
Saks & Company LLC,2026-05-01,2026-04-30,2026-05-21,"225 Liberty Street  New York, NY, 10281",New York,Closure,Permanent,Bankruptcy,4,136,136
Saks & Company LLC,2026-05-01,2026-04-20,2026-05-21,"250 Vesey Street 22nd Floor New York, NY, 10281",New York,Closure,Permanent,Bankruptcy,7,24,24
Saks & Company LLC,2026-05-01,2026-04-30,2026-05-21,"611 Fifth Avenue  New York, NY, 10022",New York,Closure,Permanent,Bankruptcy,5,3,3
Saks & Company LLC,2026-05-01,2026-04-30,2026-05-21,"620 Old Country Road  Garden City, NY, 11530",Nassau,Closure,Permanent,Bankruptcy,3,2,2
Saks & Company LLC,2026-05-01,2026-04-30,2026-05-21,"754 5th Ave  New York, NY, 10019",New York,Closure,Permanent,Bankruptcy,6,8,8
"Sardi's Enterprises, Ltd.",2026-06-24,2026-03-25,2026-04-16,"234 W. 44th Street  New York, NY, 10036",New York,Closure,Permanent,Sale of Business,6,62,62
"SDH Education West, LLC d/b/a Sodexo - Binghamton University",2026-05-31,2026-02-26,2026-03-16,"40-48 Corliss Ave  Johnson City, NY, 13790",Broome,Closure,Permanent,Contract Loss,11,3,3
"SDH Education West, LLC d/b/a Sodexo - Binghamton University",2026-05-31,2026-02-26,2026-03-16,"4400 Vestal Pkwy East UU116  Binghamton, NY, 13902",Broome,Closure,Permanent,Contract Loss,12,144,144
"SDH Education West, LLC d/b/a Sodexo - Binghamton University",2026-05-31,2026-02-26,2026-03-16,"6000 Vestal Pkwy East  Binghamton, NY, 13901",Broome,Closure,Permanent,Contract Loss,13,542,542
Seaport Entertainment Management LLC,2026-02-23,2026-02-23,2026-03-06,"96 South Street  New York, NY, 10038",New York,Closure,Permanent,Economic,20,93,93
"Sky Chefs, LLC",2026-10-07,2026-08-04,2026-08-18,"JFK International Airport 139 West Hangar Road Jamaica, NY, 11430",Queens,Layoff,Permanent,Contract Loss,1,471,471
"Sparus Holdings, LLC. & Southern Cross, LLC",2026-06-30,2026-03-31,2026-04-23,"50 Prospect Avenue  Tarrytown, NY, 10591",Westchester,Layoff,Permanent,Contract Expiration,4,19,19
"Spirit Airlines, LLC",2026-05-02,2026-05-02,2026-05-08,"LaGuardia Airport (LGA) 9400 Ditmars Blvd East Elmhurst, NY, 11369",New York,Closure,Permanent,Bankruptcy Economic,2,186,186
"Springer Nature America, Inc.",2026-06-23,2026-06-23,2026-08-03,"One New York Plaza Suite 4600 New York, NY, 10004",New York,Closure,N/A,Sale of Business,3,24,24
"SY SEIT, LLC.",2026-08-31,2026-05-26,2026-07-10,"35-10 156th Street  Flushing, NY, 11354",Queens,Closure,Permanent,Expiration of Lease,1,13,13
The Bank of Nova Scotia,2026-06-30,2026-02-11,2026-07-27,"250 Vesey Street  New York, NY, 10281",New York,Closure,Permanent,Relocation of Business,1,15,15
The Children's Village,2026-06-30,2026-04-01,2026-05-01,"1 Echo Hill  Dobbs Ferry, NY, 10522",Westchester,Closure,Permanent,Contract Loss Contract Expiration,1,200,200
The Coca-Cola Company,2026-05-31,2026-03-02,2026-04-21,"17-20 Whitestone Expressway Suite 500 Whitestone, NY, 11357",Queens,Layoff,Permanent,Relocation of Business Other,1,41,41
The Rockefeller University,2026-06-30,2026-04-02,2026-06-02,"1230 York Avenue  New York, NY, 10065",New York,Closure,Permanent,Relocation of Business,5,27,27
The Rockefeller University Hospital,2026-05-31,2026-03-02,2026-05-27,"1230 York Avenue  New York, NY, 10065",New York,Layoff,Permanent,Economic Funding Loss,1,41,41
TL Cannon Management Corp. - Applebee's (Capital),2026-04-12,2026-01-12,2026-02-13,"268 Saratoga Road  Glenville, NY, 12302",Schenectady,Closure,Permanent,Expiration of Lease,3,15,15
Tourmaline Bio Inc.,2026-05-29,2026-02-19,2026-06-18,"27 West 24th Street Suite 702 New York, NY, 10010",New York,Closure,Permanent,Merger,2,60,60
"Ultrepet, LLC. d/b/a Evergreen Recycling, LLC.",2026-02-24,2026-02-24,2026-03-10,"136C Fuller Road  ALBANY, NY, 12205",Albany,Closure,Permanent,Funding Loss,3,59,59
Unique Care Ltd,2026-06-30,2026-03-30,2026-04-22,"220 East 23rd Street Suite 303 New York, NY, 10010",New York,Closure,Permanent,Other,30,59,59
"University of Rochester (Children’s Institute, Inc.)",2026-06-30,2026-03-27,2026-05-01,"205 St Paul Street  Rochester, NY, 14614",Monroe,Layoff,Permanent,Contract Termination,58,34,34
"Van Trans, LLC.",2026-09-01,2026-05-15,2026-06-23,"670 Hillside Road  Pelham, NY, 10803",Westchester,Layoff,Permanent,Contract Termination,53,297,297
VanDeMark Chemical Inc.,2026-05-25,2026-02-24,2026-07-22,"1 North Transit Road  Lockport, NY, 14094",Niagara,Closure,Permanent,Economic,11,0,0
Villa Mary Immaculate d/b/a St. Peter’s Nursing and Rehabilitation Center (SPNRC),2026-06-30,2026-03-06,2026-03-25,"301 Hackett Boulevard  Albany, NY, 12208",Albany,Closure,Permanent,Building Renovations,2,133,133
Vimeo.com Inc.,2026-04-20,2026-01-20,2026-05-12,"330 W. 34th Street 10th Floor New York, NY, 10001",New York,Layoff,Permanent,Other,25,133,133
"WP Company, LLC",2026-05-08,2026-02-04,2026-05-08,"20 West 22nd Street 17th Floor New York, NY, 10010",New York,Layoff,Permanent,Other,26,47,47
